Марка;Цена;Ссылка
Автомобиль Ford Kuga, II с пробегом;1 116 000 ₽;https://belgorod.ml-respect.ru/car/ford/kuga/ford-kuga-ii/
Автомобиль Kia Sportage, IV с пробегом;1 700 000 ₽;https://belgorod.ml-respect.ru/car/kia/sportage/kia-sportage-iv/
Автомобиль Chevrolet Aveo, I Рестайлинг с пробегом;257 000 ₽;https://belgorod.ml-respect.ru/car/chevrolet/aveo/chevrolet-aveo-i-restayling/
Автомобиль Volvo XC60, II с пробегом;3 150 000 ₽;https://belgorod.ml-respect.ru/car/volvo/xc60/volvo-xc60-ii-2/
Автомобиль Toyota Corolla, IX (E120, E130) с пробегом;300 000 ₽;https://belgorod.ml-respect.ru/car/toyota/corolla/toyota-corolla-ix-e120-e130/
Автомобиль Volvo XC60, II с пробегом;3 280 000 ₽;https://belgorod.ml-respect.ru/car/volvo/xc60/volvo-xc60-ii-1/
Автомобиль Volvo XC60, I Рестайлинг с пробегом;1 599 000 ₽;https://belgorod.ml-respect.ru/car/volvo/xc60/volvo-xc60-i-restayling-1/
Автомобиль Citroen C4, II с пробегом;455 000 ₽;https://belgorod.ml-respect.ru/car/citroen/c4/citroen-c4-ii/
Автомобиль Chevrolet Niva, I Рестайлинг с пробегом;555 000 ₽;https://belgorod.ml-respect.ru/car/chevrolet/niva/chevrolet-niva-i-restayling/
Автомобиль LADA (ВАЗ) Kalina, I с пробегом;180 000 ₽;https://belgorod.ml-respect.ru/car/lada-vaz/kalina/lada-vaz-kalina-i/
Автомобиль Infiniti FX, II (S51) Рестайлинг с пробегом;1 467 550 ₽;https://belgorod.ml-respect.ru/car/infiniti/fx/infiniti-fx-ii-s51-restayling/
Автомобиль Renault Kaptur, I с пробегом;939 000 ₽;https://belgorod.ml-respect.ru/car/renault/kaptur/renault-kaptur-i/
Автомобиль Nissan Almera, III (G15) с пробегом;614 000 ₽;https://belgorod.ml-respect.ru/car/nissan/almera/nissan-almera-iii-g15/
Автомобиль Nissan X-Trail, III с пробегом;1 498 000 ₽;https://belgorod.ml-respect.ru/car/nissan/x-trail/nissan-x-trail-iii/
Автомобиль Nissan Qashqai, II с пробегом;1 578 000 ₽;https://belgorod.ml-respect.ru/car/nissan/qashqai/nissan-qashqai-ii-1/
Автомобиль Nissan Qashqai, II с пробегом;1 248 000 ₽;https://belgorod.ml-respect.ru/car/nissan/qashqai/nissan-qashqai-ii/
Автомобиль Nissan Qashqai, I Рестайлинг с пробегом;676 000 ₽;https://belgorod.ml-respect.ru/car/nissan/qashqai/nissan-qashqai-i-restayling/
Автомобиль Volvo XC60, I Рестайлинг с пробегом;1 890 000 ₽;https://belgorod.ml-respect.ru/car/volvo/xc60/volvo-xc60-i-restayling/
Автомобиль Volvo XC60, II с пробегом;3 303 000 ₽;https://belgorod.ml-respect.ru/car/volvo/xc60/volvo-xc60-ii/
Автомобиль Volkswagen Tiguan, I Рестайлинг с пробегом;1 430 000 ₽;https://belgorod.ml-respect.ru/car/volkswagen/tiguan/volkswagen-tiguan-i-restayling/
Автомобиль Kia Cerato, III с пробегом;830 000 ₽;https://belgorod.ml-respect.ru/car/kia/cerato/kia-cerato-iii/
Автомобиль Mitsubishi Outlander, III Рестайлинг 3 с пробегом;1 489 000 ₽;https://belgorod.ml-respect.ru/car/mitsubishi/outlander/mitsubishi-outlander-iii-restayling-3/
Автомобиль Kia Sportage, IV Рестайлинг с пробегом;1 845 000 ₽;https://belgorod.ml-respect.ru/car/kia/sportage/kia-sportage-iv-restayling/
Автомобиль Hyundai Sonata, VII (LF) Рестайлинг с пробегом;1 159 000 ₽;https://belgorod.ml-respect.ru/car/hyundai/sonata/hyundai-sonata-vii-lf-restayling/
Автомобиль Smart Forfour, II с пробегом;997 000 ₽;https://belgorod.ml-respect.ru/car/smart/forfour/smart-forfour-ii/
Автомобиль Volkswagen Polo, VI с пробегом;1 165 000 ₽;https://belgorod.ml-respect.ru/car/volkswagen/polo/volkswagen-polo-vi/
Автомобиль Ford Focus, II с пробегом;205 000 ₽;https://belgorod.ml-respect.ru/car/ford/focus/ford-focus-ii/
Автомобиль Nissan Micra, III (K12) с пробегом;325 000 ₽;https://belgorod.ml-respect.ru/car/nissan/micra/nissan-micra-iii-k12/
Автомобиль Skoda Octavia, III (A7) Рестайлинг с пробегом;1 395 000 ₽;https://belgorod.ml-respect.ru/car/skoda/octavia/skoda-octavia-iii-a7-restayling/
Автомобиль Kia Sportage, III Рестайлинг с пробегом;989 000 ₽;https://belgorod.ml-respect.ru/car/kia/sportage/kia-sportage-iii-restayling/
Автомобиль Mitsubishi Outlander, II Рестайлинг с пробегом;865 000 ₽;https://belgorod.ml-respect.ru/car/mitsubishi/outlander/mitsubishi-outlander-ii-restayling/
Автомобиль Volkswagen Polo, V Рестайлинг с пробегом;815 000 ₽;https://belgorod.ml-respect.ru/car/volkswagen/polo/volkswagen-polo-v-restayling/
Автомобиль Kia Carnival, II с пробегом;585 000 ₽;https://belgorod.ml-respect.ru/car/kia/carnival/kia-carnival-ii/
Автомобиль Mitsubishi Pajero Sport, II с пробегом;1 135 000 ₽;https://belgorod.ml-respect.ru/car/mitsubishi/pajero-sport/mitsubishi-pajero-sport-ii/
Автомобиль Kia Sportage, IV с пробегом;1 149 000 ₽;https://belgorod.ml-respect.ru/car/kia/sportage/kia-sportage-iv-1/
Автомобиль Suzuki Liana, I Рестайлинг с пробегом;230 000 ₽;https://belgorod.ml-respect.ru/car/suzuki/liana/suzuki-liana-i-restayling/
Автомобиль Lexus NX, I Рестайлинг с пробегом;2 389 000 ₽;https://belgorod.ml-respect.ru/car/lexus/nx/lexus-nx-i-restayling/
Автомобиль Kia Sorento, III Prime Рестайлинг с пробегом;2 395 000 ₽;https://belgorod.ml-respect.ru/car/kia/sorento/kia-sorento-iii-prime-restayling/
Автомобиль Kia Rio, III с пробегом;529 000 ₽;https://belgorod.ml-respect.ru/car/kia/rio/kia-rio-iii/
Автомобиль Mazda CX-7, I Рестайлинг с пробегом;690 000 ₽;https://belgorod.ml-respect.ru/car/mazda/cx-7/mazda-cx-7-i-restayling/
Автомобиль Volkswagen Caravelle, T6 с пробегом;2 899 000 ₽;https://belgorod.ml-respect.ru/car/volkswagen/caravelle/volkswagen-caravelle-t6/
Автомобиль Volkswagen Tiguan, II с пробегом;1 609 000 ₽;https://belgorod.ml-respect.ru/car/volkswagen/tiguan/volkswagen-tiguan-ii/
Автомобиль Hyundai i40, I Рестайлинг с пробегом;1 149 000 ₽;https://belgorod.ml-respect.ru/car/hyundai/i40/hyundai-i40-i-restayling/
Автомобиль Jaguar XK, II с пробегом;1 149 000 ₽;https://belgorod.ml-respect.ru/car/jaguar/xk/jaguar-xk-ii/
Автомобиль Nissan Note, I с пробегом;305 000 ₽;https://belgorod.ml-respect.ru/car/nissan/note/nissan-note-i/
Автомобиль Mercedes-Benz E-Класс, IV (W212, S212, C207) Рестайлинг с пробегом;1 250 000 ₽;https://belgorod.ml-respect.ru/car/mercedes-benz/e-klass/mercedes-benz-e-klass-iv-w212-s212-c207-restayling/
Автомобиль Kia Cerato, IV с пробегом;1 549 000 ₽;https://belgorod.ml-respect.ru/car/kia/cerato/kia-cerato-iv/
Автомобиль Kia Sportage, IV Рестайлинг с пробегом;1 999 000 ₽;https://belgorod.ml-respect.ru/car/kia/sportage/kia-sportage-iv-restayling-1/
Автомобиль BMW X3, II (F25) Рестайлинг с пробегом;1 919 000 ₽;https://belgorod.ml-respect.ru/car/bmw/x3/bmw-x3-ii-f25-restayling/
Автомобиль Hyundai Santa Fe, III Рестайлинг с пробегом;1 775 000 ₽;https://belgorod.ml-respect.ru/car/hyundai/santa-fe/hyundai-santa-fe-iii-restayling/
Автомобиль Volkswagen Golf, VII с пробегом;596 000 ₽;https://belgorod.ml-respect.ru/car/volkswagen/golf/volkswagen-golf-vii/
Автомобиль BMW 1 серия, II (F20/F21) с пробегом;800 000 ₽;https://belgorod.ml-respect.ru/car/bmw/1-seriya/bmw-1-seriya-ii-f20f21/
Автомобиль Kia Soul, III с пробегом;1 319 000 ₽;https://belgorod.ml-respect.ru/car/kia/soul/kia-soul-iii/
Автомобиль Mazda 6, III (GJ) с пробегом;1 225 000 ₽;https://belgorod.ml-respect.ru/car/mazda/6/mazda-6-iii-gj/
Автомобиль Kia Soul, II с пробегом;890 000 ₽;https://belgorod.ml-respect.ru/car/kia/soul/kia-soul-ii/
Автомобиль Toyota Camry, VI (XV40) с пробегом;449 000 ₽;https://belgorod.ml-respect.ru/car/toyota/camry/toyota-camry-vi-xv40/
Автомобиль Kia Ceed, II с пробегом;725 000 ₽;https://belgorod.ml-respect.ru/car/kia/ceed/kia-ceed-ii/
Автомобиль Jeep Grand Cherokee, IV (WK2) с пробегом;1 489 000 ₽;https://belgorod.ml-respect.ru/car/jeep/grand-cherokee/jeep-grand-cherokee-iv-wk2/
Автомобиль BMW 3 серия, V (E90/E91/E92/E93) Рестайлинг с пробегом;635 000 ₽;https://belgorod.ml-respect.ru/car/bmw/3-seriya/bmw-3-seriya-v-e90e91e92e93-restayling/
Автомобиль Kia Sorento, I Рестайлинг с пробегом;465 000 ₽;https://belgorod.ml-respect.ru/car/kia/sorento/kia-sorento-i-restayling/
Автомобиль Kia Sorento, II с пробегом;955 000 ₽;https://belgorod.ml-respect.ru/car/kia/sorento/kia-sorento-ii/
